{"train/loss": 2.7643, "train/grad_norm": 1.2741059064865112, "train/learning_rate": 0.0002, "train/epoch": 0.0046816479400749065, "train/global_step": 5, "_timestamp": 1719194185.4909835, "_runtime": 44.323158502578735, "_step": 4}