{"train/loss": 1.1832, "train/grad_norm": 2.273961305618286, "train/learning_rate": 0.0, "train/epoch": 0.009363295880149813, "train/global_step": 10, "_timestamp": 1719194207.5525458, "_runtime": 66.38472080230713, "_step": 10, "train_runtime": 148.7358, "train_samples_per_second": 0.538, "train_steps_per_second": 0.067, "total_flos": 434699580211200.0, "train_loss": 2.4232235312461854}