{"train/loss": 0.6269, "train/grad_norm": 0.5263897776603699, "train/learning_rate": 0.0, "train/epoch": 0.009363295880149813, "train/global_step": 10, "_timestamp": 1719166590.5196311, "_runtime": 204.66921424865723, "_step": 32, "train_runtime": 46.3127, "train_samples_per_second": 1.727, "train_steps_per_second": 0.216, "total_flos": 434699580211200.0, "train_loss": 0.5942182153463363}