{"train/loss": 0.9102, "train/grad_norm": 2.5156359672546387, "train/learning_rate": 8e-05, "train/epoch": 0.0018726591760299626, "train/global_step": 2, "_timestamp": 1719166489.3903873, "_runtime": 103.53997039794922, "_step": 12, "train_runtime": 79.0709, "train_samples_per_second": 1.012, "train_steps_per_second": 0.126, "total_flos": 434699580211200.0, "train_loss": 2.4232235312461854}